Customer_ID,risk_label,risk_score
CUS_0x102d,Very_High,0.6454946569656493
CUS_0x104f,Low,-0.2240736746388509
CUS_0x1096,Medium,0.07412368369636328
CUS_0x10dd,High,0.3040220602908523
CUS_0x1135,Very_High,0.6678555641938646
CUS_0x1155,Very_High,1.0568501540020006
CUS_0x119e,Medium,0.15944536802605294
CUS_0x11ac,Medium,0.08718918799747945
CUS_0x11ae,Very_Low,-0.8189818925711263
CUS_0x11b1,Medium,-0.07176127221216608
CUS_0x11ec,Low,-0.4078828591764053
CUS_0x1250,Low,-0.5744696803988916
CUS_0x1286,Medium,0.11422532942004666
CUS_0x1343,Very_High,0.8319295259606744
CUS_0x138e,Very_High,0.7254503569519015
CUS_0x13a8,Very_High,0.7206731217022755
CUS_0x13fb,Low,-0.21249883226601568
CUS_0x143c,High,0.5998845616476374
CUS_0x149e,High,0.5383640699917827
CUS_0x14b4,High,0.47481928988232297
CUS_0x14d5,High,0.6034814889646941
CUS_0x14f1,Low,-0.5621531193882909
CUS_0x1521,High,0.5547280685235161
CUS_0x1563,High,0.467551069826187
CUS_0x15d5,Low,-0.44793715183938076
CUS_0x15dd,Medium,-0.03137159107416839
CUS_0x1628,Low,-0.2440973676614267
CUS_0x1640,Medium,0.05787138099296304
CUS_0x1666,Medium,0.06700189055851634
CUS_0x16ee,Very_High,0.9710682105167846
CUS_0x1705,High,0.4536872479116478
CUS_0x1765,Medium,0.0207479398226198
CUS_0x178b,Very_High,0.7370240237803451
CUS_0x1894,Medium,-0.13535216749411724
CUS_0x18c9,High,0.5340636753661496
CUS_0x18d8,Medium,-0.05685705826390422
CUS_0x1a3a,Medium,0.131223255715194
CUS_0x1c0c,High,0.5633047927053327
CUS_0x1c58,High,0.554495095169248
CUS_0x1c61,High,0.560167500463013
CUS_0x1c71,Low,-0.5702437761983491
CUS_0x1cce,Very_Low,-0.7202208859854519
CUS_0x1d85,Low,-0.30557953709119506
CUS_0x1dcf,High,0.47784922852500383
CUS_0x1df1,High,0.5904459993406146
CUS_0x1e45,Very_High,0.80499200424139
CUS_0x1f88,Low,-0.419601047236283
CUS_0x2002,High,0.22806406472094487
CUS_0x2064,High,0.5453871273306601
CUS_0x2095,Medium,0.11769935634101238
CUS_0x20a6,Low,-0.5513786722399098
CUS_0x20e5,Very_High,0.7748819490010826
CUS_0x2127,Very_High,1.1270605430900429
CUS_0x21b7,Low,-0.542706544612269
CUS_0x224f,High,0.357277977544579
CUS_0x2270,Very_Low,-0.9081421989008807
CUS_0x2363,High,0.5107226114058837
CUS_0x23b5,Very_Low,-0.9297180195316878
CUS_0x23d6,Very_High,0.6682544320199466
CUS_0x23ff,High,0.4629922540256476
CUS_0x2449,High,0.620496270586752
CUS_0x2499,High,0.23772608046715793
CUS_0x24d7,Low,-0.5890131989187204
CUS_0x24df,High,0.4486198289435317
CUS_0x24e7,High,0.4873228871669633
CUS_0x2584,Medium,0.08746802262091322
CUS_0x2590,Low,-0.2727981677044953
CUS_0x2598,Very_High,0.7081712181538754
CUS_0x25ea,Low,-0.5547676018895055
CUS_0x25f6,Very_Low,-1.0170040424866351
CUS_0x2646,Low,-0.1655504321563262
CUS_0x26a9,Low,-0.5793724156857785
CUS_0x26d2,Very_High,0.6532582405771273
CUS_0x2703,Very_Low,-0.7632065721090857
CUS_0x2717,High,0.38094088783825764
CUS_0x272c,Low,-0.41210987913201086
CUS_0x278b,Very_High,0.6698262652803624
CUS_0x27ae,Very_High,0.7953235371255886
CUS_0x2827,Very_High,0.8130330278843438
CUS_0x287f,High,0.40250671753577066
CUS_0x292b,Very_High,0.8212992326082517
CUS_0x2984,Medium,-0.07877849514165522
CUS_0x29ac,Very_High,0.760530520931308
CUS_0x29e7,Low,-0.535658806089886
CUS_0x2a05,Low,-0.5817755509722995
CUS_0x2a47,High,0.35881858094386504
CUS_0x2a75,High,0.22193762985108068
CUS_0x2b1a,High,0.4384553391173096
CUS_0x2bba,Medium,-0.11696268944575747
CUS_0x2bc0,High,0.20768235955001632
CUS_0x2bc8,Very_Low,-0.9823584398360262
CUS_0x2c08,Medium,0.08169690734769487
CUS_0x2d1a,High,0.33124399011701716
CUS_0x2de0,Low,-0.3289951446044375
CUS_0x2e79,Very_Low,-0.8514279969668551
CUS_0x2e7f,High,0.3131705881004757
CUS_0x2e9b,Very_Low,-0.7899252636321159
CUS_0x2eb0,Medium,-0.05855455535680367
CUS_0x2eb7,Low,-0.4679583169193676
CUS_0x2ebb,High,0.6146988588179715
CUS_0x2ee4,Low,-0.22963826670299983
CUS_0x2f9d,Very_Low,-0.8731151685937785
CUS_0x2fbe,Medium,0.20477465656697544
CUS_0x2fc5,Low,-0.4782898797491543
CUS_0x2ff7,Medium,-0.02345314795074158
CUS_0x2ffe,Low,-0.2160400283430684
CUS_0x30c8,Very_High,0.6672155563439939
CUS_0x30cf,Low,-0.2760036679643022
CUS_0x3139,Low,-0.28500291299314634
CUS_0x315f,Very_High,0.7742483277889984
CUS_0x319c,High,0.6250950280134123
CUS_0x31bd,Low,-0.5203035597139712
CUS_0x327d,Low,-0.16752683757356532
CUS_0x32b7,Medium,0.07517216441571131
CUS_0x32d2,Medium,0.1855096624613611
CUS_0x334d,High,0.44058332518737753
CUS_0x3352,High,0.3632900787423441
CUS_0x340b,Low,-0.5716410437976176
CUS_0x3439,High,0.539744386556334
CUS_0x347d,Low,-0.2875615191810488
CUS_0x3489,High,0.5765082875424659
CUS_0x34be,High,0.2286944377363712
CUS_0x34d2,Low,-0.1475372190333653
CUS_0x34e1,Very_Low,-0.7215658062446731
CUS_0x3533,Medium,-0.02455005758268783
CUS_0x3570,Medium,0.0741043697240295
CUS_0x3592,Medium,-0.06054097740029715
CUS_0x35ac,High,0.2814657454465491
CUS_0x35dd,Low,-0.4888720217301024
CUS_0x3655,Very_High,0.9508895561448902
CUS_0x36a2,Low,-0.6672221646950837
CUS_0x36b0,High,0.32502572060353685
CUS_0x36e1,Low,-0.4173749349868538
CUS_0x36ed,Low,-0.6752067200147058
CUS_0x36f7,Very_Low,-0.844481299392333
CUS_0x3716,Very_High,0.8122370509566166
CUS_0x37c9,High,0.3028537255167741
CUS_0x383d,High,0.41798258571780605
CUS_0x38d8,Medium,0.15120675758780286
CUS_0x390d,Medium,-0.11800092077289803
CUS_0x3915,Very_Low,-0.7498787192002784
CUS_0x3925,Medium,0.1374918433736643
CUS_0x3969,Very_Low,-0.7990801326496045
CUS_0x3a71,Low,-0.29920858259071265
CUS_0x3aa8,Very_Low,-0.7964410060027454
CUS_0x3b36,Very_High,0.9004870841399577
CUS_0x3b66,High,0.5136271540998316
CUS_0x3bc5,Very_Low,-0.8718141521974825
CUS_0x3bf3,Very_High,0.6438746586582911
CUS_0x3c3a,Low,-0.6565702846638505
CUS_0x3c6a,High,0.2694629580867339
CUS_0x3cea,High,0.2444968128065433
CUS_0x3d42,Low,-0.4273438588703433
CUS_0x3d44,Medium,0.07551263149882548
CUS_0x3d57,Low,-0.159334307000006
CUS_0x3dfc,Medium,-0.040827257579122755
CUS_0x3e38,High,0.32586582087023347
CUS_0x3e92,High,0.3491209809656161
CUS_0x3ee7,High,0.32209104021238827
CUS_0x3f2d,Very_High,0.7724837336831684
CUS_0x3f5b,Medium,-0.03475215197168476
CUS_0x3f65,Medium,0.0785653047135567
CUS_0x3f6a,Medium,-0.11222530852759771
CUS_0x3f71,High,0.615499243122478
CUS_0x3f9,Low,-0.6519728626685993
CUS_0x3fb4,Medium,0.1321974341406577
CUS_0x3ff8,Medium,-0.08042533901977553
CUS_0x3ffe,Medium,0.19921034801538137
CUS_0x4029,Very_Low,-0.9119637123198804
CUS_0x4052,Low,-0.6066060254951544
CUS_0x4096,Low,-0.4210167319738755
CUS_0x40bd,High,0.367952631088574
CUS_0x40d1,Very_High,0.8959437508527492
CUS_0x40e8,Low,-0.47776259886912237
CUS_0x40fa,High,0.2955509837924865
CUS_0x41c,High,0.5564083164033695
CUS_0x41f0,Low,-0.3496959375668658
CUS_0x41f3,Medium,0.052720724988993044
CUS_0x42ec,Very_High,0.8619684884801838
CUS_0x4327,Very_High,0.6735672216224422
CUS_0x4349,Medium,0.010873050742050064
CUS_0x4379,Medium,0.06571186503920097
CUS_0x440,Low,-0.678016879562417
CUS_0x4448,Low,-0.5312713620920367
CUS_0x4454,Low,-0.5523002522412723
CUS_0x446a,Very_High,0.8035655413873493
CUS_0x446b,Medium,0.09357150472724815
CUS_0x44dc,Low,-0.49266202450216456
CUS_0x4567,High,0.20701994151483533
CUS_0x456f,High,0.5972404622688965
CUS_0x4577,Very_Low,-0.9139367500690573
CUS_0x45ef,High,0.5512134635967493
CUS_0x4715,Medium,-0.08455142616958983
CUS_0x471f,Low,-0.5530148529702626
CUS_0x477b,Medium,0.09582543252138113
CUS_0x47af,Medium,-0.058423026036801454
CUS_0x47bb,Medium,-0.07125033566329025
CUS_0x4824,Medium,-0.12119694311586628
CUS_0x4889,Medium,-0.09512446113806114
CUS_0x488b,Low,-0.27586860544793795
CUS_0x48a8,Low,-0.28712950705560625
CUS_0x48cb,Very_Low,-0.8277261946758446
CUS_0x48cc,Medium,-0.09080335875286857
CUS_0x48e1,High,0.5343555011869249
CUS_0x49fe,Low,-0.3341215132665979
CUS_0x4a0a,Very_Low,-0.8773374732041462
CUS_0x4a0b,Very_High,0.6923622557145283
CUS_0x4aaa,High,0.31243103804061423
CUS_0x4ac9,High,0.6201666917552366
CUS_0x4ae9,Very_High,0.9966581140163572
CUS_0x4af4,Medium,0.05320531138133852
CUS_0x4b82,Medium,0.1484059268099003
CUS_0x4b91,Low,-0.19217688362387708
CUS_0x4c44,Low,-0.48580275735757084
CUS_0x4c83,High,0.5877486916981496
CUS_0x4d0,Very_Low,-0.7073730219690894
CUS_0x4d1,Medium,0.20284257292131877
CUS_0x4d77,Very_High,0.8413286779739821
CUS_0x4deb,Low,-0.6593605220938127
CUS_0x4e22,High,0.4389998325890894
CUS_0x4e30,High,0.5431008957156072
CUS_0x4e3b,Low,-0.6101300104672304
CUS_0x4e60,Low,-0.5103232734421583
CUS_0x4e80,High,0.2194074529680435
CUS_0x4e95,Very_High,0.6410605587633669
CUS_0x4ea5,High,0.6170582768169033
CUS_0x4eae,High,0.479500546986382
CUS_0x4f01,Low,-0.5821586667835494
CUS_0x4f04,High,0.4385750515314248
CUS_0x4f8f,Very_Low,-0.7400595567495826
CUS_0x4feb,Medium,-0.06663593291308859
CUS_0x507d,Medium,0.04120752316858044
CUS_0x5082,Low,-0.23821321073826818
CUS_0x5131,Very_High,0.9036703778874523
CUS_0x5146,High,0.34973272964406504
CUS_0x5198,Low,-0.31348775747184177
CUS_0x51e5,Low,-0.5736466911816168
CUS_0x51e7,Low,-0.7036007646265718
CUS_0x5234,Very_High,0.6701034399920487
CUS_0x524f,Medium,0.06577953169810442
CUS_0x5269,Very_Low,-0.8652888435626478
CUS_0x5375,High,0.30981237001959067
CUS_0x53f9,High,0.48244918957066635
CUS_0x5470,High,0.42021174308492254
CUS_0x562a,Very_High,0.7537242450611114
CUS_0x564a,Low,-0.33985221138446403
CUS_0x5718,Medium,0.01501826034409784
CUS_0x5749,Low,-0.14404693229583135
CUS_0x57da,Low,-0.5701675199518718
CUS_0x57e,Medium,-0.043805756102057856
CUS_0x57e5,Low,-0.5840417634723658
CUS_0x584a,Medium,0.12052291974686417
CUS_0x5872,Low,-0.2180793955664628
CUS_0x5899,High,0.46654860510449053
CUS_0x58ed,Medium,0.07890086357024614
CUS_0x5981,Low,-0.35395066295954886
CUS_0x5a59,Low,-0.2422790746163057
CUS_0x5a6b,Medium,0.010225413787484174
CUS_0x5a92,Very_High,0.7685891501007026
CUS_0x5b37,Low,-0.26511867382938625
CUS_0x5b4e,High,0.44824491762087953
CUS_0x5b70,High,0.3285333732681821
CUS_0x5b7d,Very_Low,-0.8551264679627446
CUS_0x5ba4,Medium,0.043628030758356875
CUS_0x5be9,Very_High,0.7842074367420369
CUS_0x5c09,Medium,-0.11447497645030259
CUS_0x5c2f,Medium,-0.06843186579847182
CUS_0x5c40,Low,-0.35983383942571723
CUS_0x5c7f,Medium,0.1802763487188989
CUS_0x5d0f,Low,-0.2628776401380891
CUS_0x5d43,Very_High,0.644185278769057
CUS_0x5d95,Low,-0.634748080897562
CUS_0x5df5,Very_Low,-0.737849068245068
CUS_0x5e17,Very_Low,-0.7693630610490991
CUS_0x5e18,Very_High,1.143682169071191
CUS_0x5e56,High,0.5083747275434605
CUS_0x5e70,High,0.33195355689150097
CUS_0x5ee7,High,0.5747034634107393
CUS_0x5f61,Medium,0.11095707865636499
CUS_0x5f6e,Very_Low,-0.7166020369168109
CUS_0x5f81,High,0.5654457767266041
CUS_0x5fbf,Very_Low,-0.9412282932338873
CUS_0x5ff8,Medium,0.1687693508028274
CUS_0x606d,Low,-0.48583531161857296
CUS_0x6072,Low,-0.6778524226900796
CUS_0x6088,Low,-0.432946552153699
CUS_0x612e,High,0.5072916802590461
CUS_0x6156,High,0.47548298778505155
CUS_0x617b,High,0.3337246701341671
CUS_0x61de,High,0.23919909223812677
CUS_0x626a,Medium,-0.1301604382679206
CUS_0x62c8,Low,-0.4151894483425449
CUS_0x62cd,Very_High,0.6448396710769263
CUS_0x62d7,Low,-0.5742095507284656
CUS_0x62f4,Low,-0.2991485873256939
CUS_0x6322,Very_Low,-0.9279595312328123
CUS_0x6334,Medium,0.1366298102656525
CUS_0x637b,Low,-0.5274613370394633
CUS_0x6387,Medium,0.02120400287300404
CUS_0x63d8,Medium,-0.1355319376020866
CUS_0x641a,Medium,-0.0774739895330539
CUS_0x6478,Low,-0.3470402010968113
CUS_0x649d,Medium,-0.13812544651581357
CUS_0x6570,Medium,-0.09586860730655718
CUS_0x65c5,Very_High,1.0592543733620727
CUS_0x65f0,Low,-0.2284688631908186
CUS_0x660d,Medium,0.06726007972265319
CUS_0x661b,Low,-0.1459415377533362
CUS_0x661f,Very_High,0.8554812684108466
CUS_0x66bb,High,0.3624736295609232
CUS_0x66c3,Low,-0.5084463501937599
CUS_0x66c7,High,0.42454162959172337
CUS_0x66d,Very_High,0.9088175500284823
CUS_0x6732,Very_High,1.0343690538470973
CUS_0x6749,Low,-0.33361108746050905
CUS_0x6781,Medium,0.08225830341037053
CUS_0x67bc,Low,-0.30299445689571564
CUS_0x67d0,Medium,-0.015620920979743984
CUS_0x67dc,Very_High,0.7039443333265752
CUS_0x67fd,Medium,0.11079255778873337
CUS_0x6808,Very_Low,-0.8789865542454661
CUS_0x6891,High,0.39729698624696075
CUS_0x6894,Low,-0.6880811307020116
CUS_0x68af,Medium,0.05856760430049098
CUS_0x68cf,Very_Low,-0.7822434891763295
CUS_0x6902,Low,-0.5118825426205451
CUS_0x6908,Low,-0.19954087404437637
CUS_0x6915,Very_Low,-1.1016015640068557
CUS_0x695e,Very_High,0.7032348132411799
CUS_0x69bf,Low,-0.6273898838547646
CUS_0x6b6a,Low,-0.19240615357259672
CUS_0x6b7,Medium,-0.007141655972225825
CUS_0x6c5c,Very_High,0.815059803385126
CUS_0x6c8e,Very_Low,-0.8323632480019255
CUS_0x6c9b,Low,-0.3329972369971173
CUS_0x6cc,Medium,0.055005728498373194
CUS_0x6cf3,Very_Low,-0.736705488204632
CUS_0x6cf5,Medium,0.13836841762065086
CUS_0x6df9,Low,-0.1918573344621179
CUS_0x6e23,Medium,0.12906034804351443
CUS_0x6ecf,Medium,0.1839866166734252
CUS_0x6ef6,Very_High,0.7444185956113979
CUS_0x6f00,High,0.623538454040166
CUS_0x6f9b,Medium,0.0016539753521669686
CUS_0x6fa,High,0.34579540811744114
CUS_0x7084,Medium,-0.12678430723276696
CUS_0x70f7,Medium,0.1714171881542015
CUS_0x710a,Low,-0.5581054673594926
CUS_0x710f,Low,-0.4649351904110916
CUS_0x711e,Medium,0.12518779519594486
CUS_0x7210,Low,-0.1584659494561342
CUS_0x728f,High,0.571968479394931
CUS_0x7303,Low,-0.480521094353304
CUS_0x735c,Low,-0.15788307871521565
CUS_0x73d9,High,0.21980996335630368
CUS_0x7403,Very_Low,-0.8922865891719215
CUS_0x7405,Medium,-0.06212627299677567
CUS_0x7453,Very_Low,-0.7561788678132126
CUS_0x7494,Very_High,0.7076178079911504
CUS_0x74bf,Low,-0.6330767443483971
CUS_0x752f,High,0.43013523458416275
CUS_0x753c,Very_Low,-0.7374473456763845
CUS_0x757,Medium,0.14166957416497938
CUS_0x757d,Low,-0.5544861101910821
CUS_0x75fb,Medium,0.08532667407961435
CUS_0x766b,Very_High,0.8612075904362367
CUS_0x76fc,High,0.22052415247713877
CUS_0x77d1,High,0.27276152872595094
CUS_0x785f,High,0.5881104368542851
CUS_0x78e8,Very_High,0.6914865980542328
CUS_0x790a,Very_High,0.7963815015962483
CUS_0x7972,Low,-0.6539987188382071
CUS_0x799b,Medium,0.12745443066810963
CUS_0x79ad,Medium,0.15526275619790691
CUS_0x7a12,High,0.24722063672702904
CUS_0x7a7f,High,0.4005066040768025
CUS_0x7b90,High,0.3594844117981801
CUS_0x7bf,Medium,0.01791911323038377
CUS_0x7bf8,Medium,0.02104016331784313
CUS_0x7c01,Medium,0.20106316842905328
CUS_0x7c0f,Low,-0.4294178984630309
CUS_0x7c64,High,0.22093724894178352
CUS_0x7c66,Low,-0.5812555889781359
CUS_0x7c71,High,0.5154402263050334
CUS_0x7db2,Very_High,0.6607895145016052
CUS_0x7db4,High,0.5517813897886845
CUS_0x7dc5,Very_High,1.0170149809893674
CUS_0x7e09,Very_High,0.9362926719273384
CUS_0x7e67,Medium,-0.06339364315134996
CUS_0x7e70,Medium,0.03613874688021316
CUS_0x7f9c,Medium,-0.0849491258650606
CUS_0x7fc7,High,0.5056127401749017
CUS_0x8006,Medium,-0.03552161205759635
CUS_0x806c,Low,-0.4101019605316718
CUS_0x80b1,Medium,-0.10358195412587062
CUS_0x81bb,Medium,0.018150218314741465
CUS_0x828b,Medium,0.17412808104275043
CUS_0x830e,Very_High,0.9079867724562716
CUS_0x83dc,Low,-0.5787566394527122
CUS_0x840a,Medium,0.007200447954517146
CUS_0x84a9,High,0.5102830212644637
CUS_0x84d0,Low,-0.6798827673614248
CUS_0x8525,Very_Low,-0.8679254752267523
CUS_0x853c,High,0.2510328019635697
CUS_0x858a,Low,-0.6364991083378891
CUS_0x858b,Medium,0.12187296380471462
CUS_0x85fd,High,0.49046798705905087
CUS_0x862b,Very_High,0.6561048459607177
CUS_0x8672,Low,-0.14563289465568455
CUS_0x8698,Medium,0.030872719055417087
CUS_0x86e,Low,-0.2559038424870873
CUS_0x871c,High,0.5397340750598745
CUS_0x884,Very_Low,-0.7462524386046032
CUS_0x887f,Very_High,0.6555685123673366
CUS_0x88c3,High,0.30437318318868123
CUS_0x8925,Medium,0.04154092617458114
CUS_0x8962,Low,-0.2048782172514517
CUS_0x8980,High,0.6142101298657942
CUS_0x8990,High,0.5789290719431358
CUS_0x89a9,Low,-0.6956366751800181
CUS_0x89ab,Medium,-0.05053881071238083
CUS_0x89b4,Low,-0.24127680079967903
CUS_0x89ca,Medium,0.09122331095208208
CUS_0x89e,High,0.332084997795118
CUS_0x8a04,Low,-0.233505303281356
CUS_0x8acd,Medium,-0.07791088050464089
CUS_0x8acf,Very_High,0.8916997479350741
CUS_0x8b1,High,0.3598380026004274
CUS_0x8b6d,High,0.2725240385836304
CUS_0x8bde,High,0.2861296637216519
CUS_0x8bf3,Low,-0.7006190174928681
CUS_0x8bf5,High,0.27742603336424054
CUS_0x8c03,Medium,0.03037910696710135
CUS_0x8c1f,Low,-0.667241880006996
CUS_0x8c6f,Very_Low,-0.954935360715078
CUS_0x8ce,Low,-0.44465652751096907
CUS_0x8d32,Low,-0.5220436361850622
CUS_0x8dbe,Medium,-0.026802844203978413
CUS_0x8e2,Medium,0.1907856230314441
CUS_0x8e75,Very_High,0.8660128027765751
CUS_0x8e8b,Very_Low,-0.7357505136987886
CUS_0x8ec8,Low,-0.41988197350594636
CUS_0x8ed4,Medium,-0.04284809220516248
CUS_0x8f45,Low,-0.17734416916245482
CUS_0x8f59,Low,-0.14526052641017476
CUS_0x8fb4,Very_High,0.6935645986234354
CUS_0x8fcd,Medium,0.0056244282014326335
CUS_0x9087,Very_High,0.7002080232022965
CUS_0x9102,Medium,-0.1054934702769674
CUS_0x911e,High,0.45333091879243237
CUS_0x9122,Medium,-0.06135051838470682
CUS_0x9148,High,0.31187461532979416
CUS_0x914e,Very_High,0.6957255660395667
CUS_0x9176,Very_Low,-1.0291851250986355
CUS_0x919a,High,0.3568905049344729
CUS_0x922,Medium,0.11933992948400543
CUS_0x9296,Very_Low,-1.0316629270852922
CUS_0x92e8,Medium,-0.07193207370999617
CUS_0x9322,Very_High,0.7717047536615906
CUS_0x9338,Medium,0.1375313199672624
CUS_0x9381,Low,-0.26734755863230575
CUS_0x9404,Medium,-0.07062222690616163
CUS_0x940d,Medium,-0.04310985985762343
CUS_0x9491,Very_Low,-0.8747433330169079
CUS_0x9495,Medium,0.015114859586531382
CUS_0x9534,Very_High,0.7102522896744933
CUS_0x953d,High,0.5384619070237611
CUS_0x955d,Low,-0.6785563905178295
CUS_0x9562,Medium,-0.003039922987497841
CUS_0x9674,Very_Low,-0.9481185333789437
CUS_0x9692,Medium,0.16566091831940688
CUS_0x96e8,Low,-0.32624774742159685
CUS_0x978,High,0.5921657152861335
CUS_0x981a,High,0.559263300572911
CUS_0x987b,Very_Low,-0.7906130271757522
CUS_0x98b3,Medium,-0.134423128997559
CUS_0x9962,Very_High,0.7360832496164189
CUS_0x996f,Very_High,1.183056590500701
CUS_0x997e,Low,-0.7031777655501356
CUS_0x99c6,Medium,0.005875703998818625
CUS_0x9a55,Low,-0.5629350074765633
CUS_0x9a84,Low,-0.1519978167482272
CUS_0x9ad1,Medium,0.16426587675928436
CUS_0x9adc,Low,-0.5700422791318568
CUS_0x9ae4,High,0.3609840246203199
CUS_0x9b4b,Very_High,0.6432107758787288
CUS_0x9c67,Medium,0.10955049883903564
CUS_0x9d73,Very_Low,-0.9898638182184968
CUS_0x9d7d,High,0.2551259223189265
CUS_0x9dc3,High,0.3924573120072088
CUS_0x9de2,Medium,0.18763049805447712
CUS_0x9df8,High,0.34155873415141735
CUS_0x9e41,Very_Low,-0.974885598267125
CUS_0x9e6c,Medium,0.16591817515645657
CUS_0x9e76,Medium,0.09669921514207361
CUS_0x9eec,Very_High,0.9731802535855675
CUS_0x9f80,Very_High,0.6329848708781053
CUS_0x9fd7,Very_Low,-0.9572502243273469
CUS_0xa053,Very_High,0.6831754451548473
CUS_0xa061,Very_High,0.787853929700433
CUS_0xa0dc,High,0.5706272439498457
CUS_0xa0f4,High,0.2155917529667479
CUS_0xa1bd,Medium,-0.08056905945045735
CUS_0xa1c1,Very_Low,-0.8702553781831845
CUS_0xa203,Low,-0.16856585868185944
CUS_0xa230,Medium,0.020788653961739612
CUS_0xa235,High,0.31604034401173153
CUS_0xa23e,High,0.5952860682864299
CUS_0xa279,Low,-0.1988982785541951
CUS_0xa2ac,Low,-0.46836605169884293
CUS_0xa2db,Low,-0.38927145696969256
CUS_0xa34d,High,0.223134985480272
CUS_0xa384,High,0.4798296722575753
CUS_0xa396,Low,-0.15890260212188292
CUS_0xa3c,Very_Low,-0.8081793168896892
CUS_0xa3e4,High,0.3897790342550295
CUS_0xa499,Medium,-0.10378154521723636
CUS_0xa4e9,Low,-0.17129883598792456
CUS_0xa570,Medium,-0.04222434010956308
CUS_0xa5b4,High,0.5427049331218519
CUS_0xa618,Very_High,0.8900016014046689
CUS_0xa693,Medium,0.04132296103931966
CUS_0xa6db,Low,-0.44643826147385973
CUS_0xa6e,Medium,-0.01627026476690285
CUS_0xa75c,High,0.3401938274343057
CUS_0xa789,Very_Low,-0.9307596753626156
CUS_0xa7ab,Medium,0.16280896689819302
CUS_0xa806,Low,-0.21906989057403548
CUS_0xa84d,Very_High,0.7077662779101439
CUS_0xa8b1,High,0.5014253382083781
CUS_0xa8c6,Medium,0.17162866668625584
CUS_0xa987,Medium,0.19088891717722972
CUS_0xaa5,Low,-0.5169150013730668
CUS_0xaa53,High,0.5544403948211756
CUS_0xab35,High,0.2659142453647585
CUS_0xab5f,High,0.41608402985921555
CUS_0xac05,Medium,0.09602668551641493
CUS_0xac20,Medium,0.05148350829656911
CUS_0xac54,Medium,0.1024286544345844
CUS_0xac83,Low,-0.3229923812523731
CUS_0xacb2,Low,-0.5093995925994917
CUS_0xacf7,Very_High,0.9701224538910028
CUS_0xad1e,Low,-0.5487735201153855
CUS_0xad4f,Medium,0.06026931164070159
CUS_0xadb2,Medium,0.05287464655952194
CUS_0xadb5,Medium,0.0023537171591074863
CUS_0xadbe,Low,-0.5292955295954063
CUS_0xae96,Low,-0.22837315583647216
CUS_0xaf3a,Low,-0.6732882444086136
CUS_0xb023,Low,-0.6748241285892534
CUS_0xb024,Low,-0.36051553609743214
CUS_0xb066,Very_Low,-0.7920900085845063
CUS_0xb09,High,0.6250270704969192
CUS_0xb0d3,High,0.512650777081715
CUS_0xb14d,High,0.49106446325185815
CUS_0xb173,Very_Low,-0.7592942586958736
CUS_0xb182,High,0.5672696866748048
CUS_0xb1d2,Medium,0.16043929956935862
CUS_0xb1d8,Medium,0.07495997387588295
CUS_0xb2a1,Medium,-0.11757979760586706
CUS_0xb2bf,Low,-0.1454543602016765
CUS_0xb3cd,Very_Low,-0.7580051320481006
CUS_0xb424,Low,-0.560639198876292
CUS_0xb426,Low,-0.294232939720192
CUS_0xb481,Very_Low,-0.8466033213532554
CUS_0xb483,Low,-0.5895306901606306
CUS_0xb5c0,High,0.23642094462801613
CUS_0xb62c,Medium,-0.08166201258220851
CUS_0xb634,Low,-0.18217223256140883
CUS_0xb66c,High,0.6121396405414606
CUS_0xb70f,High,0.5470158867734491
CUS_0xb732,Medium,0.10901328953491062
CUS_0xb7ca,Low,-0.5077361717770832
CUS_0xb7fa,Low,-0.6867867411518694
CUS_0xb82b,Medium,0.1233412395673644
CUS_0xb85c,Low,-0.14752900586123072
CUS_0xb87a,High,0.3788083857009183
CUS_0xb9ae,High,0.46498745629258287
CUS_0xb9d,Medium,-0.09996720508450459
CUS_0xba21,Medium,-0.02125308805207901
CUS_0xba2a,Very_High,0.6846542585913322
CUS_0xbab1,High,0.31948373260481583
CUS_0xbb53,Low,-0.6979268509362229
CUS_0xbb82,Medium,-0.04782509091636477
CUS_0xbba7,Medium,-0.11478688898907728
CUS_0xbc1c,Very_Low,-0.7116486445289755
CUS_0xbc79,Low,-0.2920481072463237
CUS_0xbd37,High,0.3049608208194412
CUS_0xbded,High,0.5634077094550716
CUS_0xbe55,Very_Low,-0.840014040689663
CUS_0xbef7,Very_Low,-0.7475291491540357
CUS_0xbf07,Very_Low,-0.7537106232534907
CUS_0xbfd5,High,0.4029819748077682
CUS_0xbfed,Medium,0.15022544619609962
CUS_0xc04f,Medium,0.09526108448233955
CUS_0xc1b3,Medium,-0.12221655232902247
CUS_0xc1bb,Very_High,0.6614696030003415
CUS_0xc2da,Medium,0.1927745406556452
CUS_0xc31c,High,0.37295509220788564
CUS_0xc323,Very_Low,-0.7631551722890589
CUS_0xc351,Low,-0.16961294204604102
CUS_0xc390,Medium,-0.001158770917521657
CUS_0xc3b7,Low,-0.6492612251026656
CUS_0xc490,High,0.5203424654457222
CUS_0xc492,High,0.3080644877793887
CUS_0xc497,Low,-0.22649907637892028
CUS_0xc4b0,Medium,0.05977301423574551
CUS_0xc4c3,Medium,0.16142868751286266
CUS_0xc4c7,Very_High,0.6671358271888317
CUS_0xc524,Medium,0.08322908777578167
CUS_0xc56b,Low,-0.3294559892049889
CUS_0xc5d5,Low,-0.3325144015655857
CUS_0xc6be,High,0.39558648987737766
CUS_0xc715,Very_Low,-0.7663207770537838
CUS_0xc71a,Medium,0.07767350768445584
CUS_0xc728,Low,-0.4889416443932192
CUS_0xc88,Low,-0.19636855354002672
CUS_0xd46,High,0.4354779257819129
CUS_0xd4d,Medium,0.12564800251806246
CUS_0xd71,Very_High,0.7123763230122735
CUS_0xdda,Low,-0.5095297746170924
CUS_0xe36,Very_Low,-0.7306601254405803
CUS_0xedd,High,0.33917138657701373
CUS_0xee6,Medium,0.18791758926207422
CUS_0xfd1,Medium,0.13761102857256352
